INSERT INTO PROPERTIES (ID, NAME, DESCRIPTION) VALUES (1, 'Розмір', NULL);

INSERT INTO PROPERTY_VALUES (ID, NAME, DESCRIPTION, PROPERTY_ID) VALUES (1, '15', NULL, 1);
INSERT INTO PROPERTY_VALUES (ID, NAME, DESCRIPTION, PROPERTY_ID) VALUES (2, '17', NULL, 1);
INSERT INTO PROPERTY_VALUES (ID, NAME, DESCRIPTION, PROPERTY_ID) VALUES (3, '18', NULL, 1);

INSERT INTO ADDRESSES (ID, ADDRESS_LINE, CITY, COUNTRY, STATE, STREET, ZIP_CODE)
VALUES (1, '1004 Україна Черкаська область смт.Верхнячка Іліїнська 4 1', NULL, NULL, NULL, NULL, NULL);

INSERT INTO USERS (ID, ADDRESS_ID, BIRTH_DATE, EMAIL, EMAIL_VERIFIED, FIRST_NAME
           ,GENDER, IS_ACTIVE, LAST_NAME, LOGIN_NAME, LOGIN_PASSWORD, MIDDLE_NAME, PHONE_NUMBER
           ,ROLE, VERIFICATION_CODE)
VALUES (1, 1, '1987-10-23', 'ivanov@gmail.com', 1, 'Іван', 'M', 1, 'Іванов', 'ivanov', 'ivanov123',
        'Семенович', '+380502346578', 'A', '2345');

INSERT INTO ADDRESSES (ID, ADDRESS_LINE, CITY, COUNTRY, STATE, STREET, ZIP_CODE)
VALUES (2, 'Україна, м.Київ, Шевченківський, Бажана буд.100, кв.105, під.3, пов.4', NULL, NULL, NULL, NULL, NULL);

INSERT INTO USERS (ID, ADDRESS_ID, BIRTH_DATE, EMAIL, EMAIL_VERIFIED, FIRST_NAME
                  ,GENDER, IS_ACTIVE, LAST_NAME, LOGIN_NAME, LOGIN_PASSWORD, MIDDLE_NAME, PHONE_NUMBER
                  ,ROLE, VERIFICATION_CODE)
VALUES (2, 2, '1998-01-22', 'petrov@gmail.com', 1, 'Петро', 'M', 1, 'Петров', 'petrov', 'petrov123', 'Іванович',
        '+380508765434', 'A', '0987');

INSERT INTO ADDRESSES (ID, ADDRESS_LINE, CITY, COUNTRY, STATE, STREET, ZIP_CODE)
VALUES (3, 'Україна, м.Київ, Голосіївський, 40-річчя Перемоги буд.23, корп.а, кв.45, під.2, пов.3', NULL, NULL, NULL, NULL, NULL);

INSERT INTO USERS (ID, ADDRESS_ID, BIRTH_DATE, EMAIL, EMAIL_VERIFIED, FIRST_NAME
                  ,GENDER, IS_ACTIVE, LAST_NAME, LOGIN_NAME, LOGIN_PASSWORD, MIDDLE_NAME, PHONE_NUMBER
                  ,ROLE, VERIFICATION_CODE)
VALUES (3, 3, '1977-09-03', 'semenov@gmail.com', 1, 'Віктор', 'M', 1, 'Семенов', 'semenov', 'semenov123',
        'Олексійович', '+380672346578', 'A', '0023');

INSERT INTO ADDRESSES (ID, ADDRESS_LINE, CITY, COUNTRY, STATE, STREET, ZIP_CODE)
VALUES (4, 'Україна, м.Київ, Печерський, бул. Дружби Народів буд.11, кв.4', NULL, NULL, NULL, NULL, NULL);

INSERT INTO USERS (ID, ADDRESS_ID, BIRTH_DATE, EMAIL, EMAIL_VERIFIED, FIRST_NAME
                  ,GENDER, IS_ACTIVE, LAST_NAME, LOGIN_NAME, LOGIN_PASSWORD, MIDDLE_NAME, PHONE_NUMBER
                  ,ROLE, VERIFICATION_CODE)
VALUES (4, 4, '2000-01-12', 'solomon@gmail.com', 1, 'Жанна', 'F', 1, 'Соломонівна', 'solomonivna', 'zhanna123',
        'Василівна', '+380507776543', 'A', '6654');

INSERT INTO ADDRESSES (ID, ADDRESS_LINE, CITY, COUNTRY, STATE, STREET, ZIP_CODE)
VALUES (5, 'Україна, Деснянський р-н, м.Київ, кв.23', NULL, NULL, NULL, NULL, NULL);

INSERT INTO USERS (ID, ADDRESS_ID, BIRTH_DATE, EMAIL, EMAIL_VERIFIED, FIRST_NAME
                  ,GENDER, IS_ACTIVE, LAST_NAME, LOGIN_NAME, LOGIN_PASSWORD, MIDDLE_NAME, PHONE_NUMBER
                  ,ROLE, VERIFICATION_CODE)
VALUES (5, 5, '1998-12-01', 'kolyada@gmail.com', 1, 'Степан', 'M', 1, 'Коляда', 'kolyada', 'kolyada123',
        'Афанасович', '+380509987654', 'C', '1123');

INSERT INTO CATEGORIES (ID, PARENT_ID, IS_GROUP, CODE, NAME, DESCRIPTION, IS_ACTIVE, CR_TIME, CR_USER_ID, LM_TIME, LM_USER_ID)
VALUES (1, 1, TRUE, 1001000001, 'Photography', 'Photography tools & Accessories',TRUE, CURRENT_TIMESTAMP, 1, CURRENT_TIMESTAMP, 1);

INSERT INTO CATEGORIES (ID, PARENT_ID, IS_GROUP, CODE, NAME, DESCRIPTION, IS_ACTIVE, CR_TIME, CR_USER_ID, LM_TIME, LM_USER_ID)
VALUES (2, 2, TRUE, 1002000001, 'Computers', 'Computers and spares',TRUE, CURRENT_TIMESTAMP, 1, CURRENT_TIMESTAMP, 1);

INSERT INTO CATEGORIES (ID, PARENT_ID, IS_GROUP, CODE, NAME, DESCRIPTION, IS_ACTIVE, CR_TIME, CR_USER_ID, LM_TIME, LM_USER_ID)
VALUES (3, 3, TRUE, 1003000001, 'Pro Video', 'Professional Video Equipment',TRUE, CURRENT_TIMESTAMP, 1, CURRENT_TIMESTAMP, 1);

INSERT INTO CATEGORIES (ID, PARENT_ID, IS_GROUP, CODE, NAME, DESCRIPTION, IS_ACTIVE, CR_TIME, CR_USER_ID, LM_TIME, LM_USER_ID)
VALUES (4, 4, TRUE, 1004000001, 'Lighting', 'Lighting Equipment',TRUE, CURRENT_TIMESTAMP, 1, CURRENT_TIMESTAMP, 1);

INSERT INTO CATEGORIES (ID, PARENT_ID, IS_GROUP, CODE, NAME, DESCRIPTION, IS_ACTIVE, CR_TIME, CR_USER_ID, LM_TIME, LM_USER_ID)
VALUES (5, 5, TRUE, 1005000001, 'Pro Audio', 'Professional Audio Equipment',TRUE, CURRENT_TIMESTAMP, 1, CURRENT_TIMESTAMP, 1);

INSERT INTO CATEGORIES (ID, PARENT_ID, IS_GROUP, CODE, NAME, DESCRIPTION, IS_ACTIVE, CR_TIME, CR_USER_ID, LM_TIME, LM_USER_ID)
VALUES (6, 1, FALSE, 1001000101, 'Digital Cameras', 'Digital Cameras and Accessories',TRUE, CURRENT_TIMESTAMP, 1, CURRENT_TIMESTAMP, 1);

INSERT INTO CATEGORIES (ID, PARENT_ID, IS_GROUP, CODE, NAME, DESCRIPTION, IS_ACTIVE, CR_TIME, CR_USER_ID, LM_TIME, LM_USER_ID)
VALUES (7, 1, FALSE, 1001000201, 'Lenses', 'Lenses and Camera Control',TRUE, CURRENT_TIMESTAMP, 1, CURRENT_TIMESTAMP, 1);

INSERT INTO CATEGORIES (ID, PARENT_ID, IS_GROUP, CODE, NAME, DESCRIPTION, IS_ACTIVE, CR_TIME, CR_USER_ID, LM_TIME, LM_USER_ID)
VALUES (8, 1, FALSE, 1001000301, 'Tripods', 'Supporting Systems',TRUE, CURRENT_TIMESTAMP, 1, CURRENT_TIMESTAMP, 1);

INSERT INTO PRODUCTS (ID, CATEGORY_ID, VENDOR_ID, SKU_CODE, TITLE, BRAND_ID, DESCRIPTION, CART_DESCRIPTION, SHORT_DESCRIPTION, LONG_DESCRIPTION, URL_THUMB, URL_IMG, WEIGHT, QUANTITY, BASE_PRICE, DISCOUNT_PRICE, IS_OFFER, IS_RECOMMEND, IS_ACTIVE, CR_TIME, CR_USER_ID, LM_TIME, LM_USER_ID)
VALUES (9, 6, 1, '11010101', 'Canon EOS 5D Mark IV', 1, 'Canon EOS 5D Mark IV DSLR Camera with 24-105mm f/4L II Lens', 'Canon EOS 5D Mark IV DSLR Camera with 24-105mm f/4L II Lens', 'Canon EOS 5D Mark IV DSLR Camera with 24-105mm f/4L II Lens', NULL, NULL, 5, 10, 4000, 3700, FALSE, FALSE, FALSE, TRUE, CURRENT_TIMESTAMP, 1, CURRENT_TIMESTAMP, 1);

INSERT INTO PRODUCTS (ID, CATEGORY_ID, VENDOR_ID, SKU_CODE, TITLE, BRAND_ID, DESCRIPTION, CART_DESCRIPTION, SHORT_DESCRIPTION, LONG_DESCRIPTION, URL_THUMB, URL_IMG, WEIGHT, QUANTITY, BASE_PRICE, DISCOUNT_PRICE, IS_OFFER, IS_RECOMMEND, IS_ACTIVE, CR_TIME, CR_USER_ID, LM_TIME, LM_USER_ID)
VALUES (10, 6, 1, '12210101', 'Sony Alpha a7R IV', 2, 'Sony Alpha a7R IV Mirrorless Digital Camera (Body Only)', 'Sony Alpha a7R IV Mirrorless Digital Camera (Body Only)', 'Sony Alpha a7R IV Mirrorless Digital Camera (Body Only)', NULL, NULL, 7, 11, 4200, 3800, FALSE, FALSE, FALSE, TRUE, CURRENT_TIMESTAMP, 2, CURRENT_TIMESTAMP, 2);

INSERT INTO PRODUCTS (ID, CATEGORY_ID, VENDOR_ID, SKU_CODE, TITLE, BRAND_ID, DESCRIPTION, CART_DESCRIPTION, SHORT_DESCRIPTION, LONG_DESCRIPTION, URL_THUMB, URL_IMG, WEIGHT, QUANTITY, BASE_PRICE, DISCOUNT_PRICE, IS_OFFER, IS_RECOMMEND, IS_ACTIVE, CR_TIME, CR_USER_ID, LM_TIME, LM_USER_ID)
VALUES (11, 6, 1, '12233101', 'Sony Alpha a7 III', 2, 'Sony Alpha a7 III Mirrorless Digital Camera Body with Accessory Kit', 'Sony Alpha a7 III Mirrorless Digital Camera Body with Accessory Kit', 'Sony Alpha a7 III Mirrorless Digital Camera Body with Accessory Kit', NULL, NULL, 5, 9, 2500, 2000, FALSE, FALSE, FALSE, TRUE, CURRENT_TIMESTAMP, 1, CURRENT_TIMESTAMP, 1);

INSERT INTO PRODUCTS (ID, CATEGORY_ID, VENDOR_ID, SKU_CODE, TITLE, BRAND_ID, DESCRIPTION, CART_DESCRIPTION, SHORT_DESCRIPTION, LONG_DESCRIPTION, URL_THUMB, URL_IMG, WEIGHT, QUANTITY, BASE_PRICE, DISCOUNT_PRICE, IS_OFFER, IS_RECOMMEND, IS_ACTIVE, CR_TIME, CR_USER_ID, LM_TIME, LM_USER_ID)
VALUES (12, 6, 1, '12234101', 'Nikon D7500 DSLR', 3, 'Nikon D7500 DSLR Camera (Body Only, Refurbished by Nikon USA)', 'Nikon D7500 DSLR Camera (Body Only, Refurbished by Nikon USA)', 'Nikon D7500 DSLR Camera (Body Only, Refurbished by Nikon USA)', NULL, NULL, 3, 10, 700, 600, FALSE, FALSE, FALSE, TRUE, CURRENT_TIMESTAMP, 2, CURRENT_TIMESTAMP, 2);

INSERT INTO PRODUCTS (ID, CATEGORY_ID, VENDOR_ID, SKU_CODE, TITLE, BRAND_ID, DESCRIPTION, CART_DESCRIPTION, SHORT_DESCRIPTION, LONG_DESCRIPTION, URL_THUMB, URL_IMG, WEIGHT, QUANTITY, BASE_PRICE, DISCOUNT_PRICE, IS_OFFER, IS_RECOMMEND, IS_ACTIVE, CR_TIME, CR_USER_ID, LM_TIME, LM_USER_ID)
VALUES (13, 6, 1, '12235101', 'Nikon Z 6', 3, 'Nikon Z 6 Mirrorless Digital Camera with FTZ Mount Adapter and Bag Kit', 'Nikon Z 6 Mirrorless Digital Camera with FTZ Mount Adapter and Bag Kit', 'Nikon Z 6 Mirrorless Digital Camera with FTZ Mount Adapter and Bag Kit', NULL, NULL, 4, 11, 1800, 1700, FALSE, FALSE, FALSE, TRUE, CURRENT_TIMESTAMP, 2, CURRENT_TIMESTAMP, 2);
